{"shown_warnings": [], "untracked_at_baseline": {}, "touched_paths": [], "rate_limits": {"CommitReview": [1781527132.8234901, 1781528244.347523], "PushSweep": [1781527388.217601, 1781528255.833774]}}